frame,site,drive,pose,landing_x,landing_y,landing_z,northing,easting,planetocentric_latitude,planetodetic_latitude,longitude,elevation,map_pixel_line,map_pixel_sample,dem_pixel_line,dem_pixel_sample,roll,pitch,yaw,quat_s,quat_v1,quat_v2,quat_v3,areoid,radius,sclk,sol
SITE,1,-1,-1,0.000,0.000,0.000,1093296.385,4354495.494,18.444571297,18.346169209,77.450910771,-2569.721,5414.46,13661.98,1353.62,3415.49,0.000,-0.000,0.000,1.000000000,0.000000000,0.000000000,0.000000000,3394507.089,3391937.367,0,-1
SITE,2,-1,-1,3.310,-1.408,0.189,1093299.695,4354494.086,18.444627146,18.346169209,77.450885729,-2569.910,5401.22,13656.34,1350.30,3414.09,0.000,-0.000,0.000,1.000000000,0.000000000,0.000000000,0.000000000,3394507.076,3391937.166,667751496,9
SITE,3,-1,-1,3.310,-1.408,0.189,1093299.695,4354494.086,18.444627146,18.346169209,77.450885729,-2569.910,5401.22,13656.34,1350.30,3414.09,0.000,-0.000,0.000,1.000000000,0.000000000,0.000000000,0.000000000,3394507.076,3391937.166,667754529,9
ROVER,3,28,-1,3.310,-1.408,0.189,1093299.695,4354494.086,18.444627146,18.346169209,77.450885729,-2569.910,5401.22,13656.34,1350.30,3414.09,-1.183,-0.034,132.832,0.400073380,-0.003856616,-0.009576106,0.916425000,3394507.076,3391937.166,668099638,13
ROVER,3,110,-1,-1.655,2.023,0.140,1093294.730,4354497.517,18.444543383,18.346169209,77.450946754,-2569.862,5421.08,13670.07,1355.27,3417.52,0.865,-0.394,-15.111,0.991286800,0.007032753,-0.004397844,-0.131459680,3394507.093,3391937.232,668187928,14
ROVER,3,190,-1,13.306,62.322,-0.741,1093309.691,4354557.816,18.444795784,18.346169209,77.452019258,-2568.980,5361.24,13911.26,1340.31,3477.82,-9999.000,-9999.000,-9999.000,-9999.000000000,-9999.000000000,-9999.000000000,-9999.000000000,3394506.921,3391937.941,0,-1
ROVER,3,386,-1,33.416,6.930,0.214,1093329.801,4354502.424,18.445135052,18.346169209,77.451034032,-2569.935,5280.80,13689.70,1320.20,3422.42,1.538,-1.797,88.389,0.716676500,0.020550711,-0.001887023,0.697100400,3394506.932,3391936.997,668279724,15
ROVER,3,578,-1,42.002,32.974,-0.434,1093338.387,4354528.468,18.445279903,18.346169209,77.451497262,-2569.287,5246.45,13793.87,1311.61,3448.47,-0.350,1.957,71.428,0.811787800,-0.012444174,0.012082794,0.583694930,3394506.865,3391937.578,668366947,16
ROVER,3,770,-1,34.205,53.146,-0.791,1093330.590,4354548.640,18.445148363,18.346169209,77.451856050,-2568.930,5277.64,13874.56,1319.41,3468.64,-9999.000,-9999.000,-9999.000,-9999.000000000,-9999.000000000,-9999.000000000,-9999.000000000,3394506.861,3391937.931,668726088,20
ROVER,3,792,-1,37.402,48.708,-0.752,1093333.786,4354544.202,18.445202287,18.346169209,77.451777107,-2568.969,5264.85,13856.81,1316.21,3464.20,0.621,-1.426,-51.918,0.899054600,-0.000579443,-0.013561883,-0.437626120,3394506.856,3391937.887,668987389,23
ROVER,3,828,-1,35.154,51.215,-0.796,1093331.539,4354546.709,18.445164373,18.346169209,77.451821704,-2568.926,5273.84,13866.84,1318.46,3466.71,1.243,-0.336,116.838,0.523640600,0.008182122,0.007703800,0.851865200,3394506.857,3391937.931,669525719,29
ROVER,3,1044,-1,36.080,23.672,-0.120,1093332.465,4354519.166,18.445179996,18.346169209,77.451331813,-2569.602,5270.14,13756.66,1317.53,3439.17,0.880,-1.428,-134.723,0.384960060,-0.008546035,-0.011883701,-0.922817200,3394506.900,3391937.298,669698335,31
ROVER,3,1266,-1,7.629,16.073,0.087,1093304.014,4354511.566,18.444700006,18.346169209,77.451196645,-2569.808,5383.94,13726.27,1345.99,3431.57,0.230,-0.844,-132.405,0.403509000,-0.005931981,-0.004805345,-0.914943800,3394507.032,3391937.224,669787029,32
ROVER,3,1374,-1,10.722,6.392,0.271,1093307.106,4354501.886,18.444752179,18.346169209,77.451024464,-2569.992,5371.57,13687.54,1342.89,3421.89,-0.802,-1.582,-0.564,0.999867600,-0.007064903,-0.013770541,-0.005015283,3394507.031,3391937.039,669870396,33
ROVER,3,1392,-1,17.274,6.228,0.273,1093313.659,4354501.722,18.444862727,18.346169209,77.451021544,-2569.994,5345.36,13686.89,1336.34,3421.72,0.626,-0.550,-0.433,0.999966500,0.005447354,-0.004821664,-0.003750209,3394507.001,3391937.007,669961048,34
ROVER,3,1398,-1,21.874,6.400,0.299,1093318.259,4354501.894,18.444940332,18.346169209,77.451024606,-2570.020,5326.96,13687.58,1331.74,3421.89,-1.109,-0.138,-0.161,0.999951500,-0.009675209,-0.001191633,-0.001418274,3394506.986,3391936.966,670763984,43
ROVER,3,1416,-1,22.031,6.168,0.303,1093318.415,4354501.662,18.444942967,18.346169209,77.451020473,-2570.025,5326.34,13686.65,1331.58,3421.66,-0.160,-0.139,136.913,0.367204550,0.000617906,-0.001742305,0.930138350,3394506.986,3391936.961,670850180,44
ROVER,3,1708,-1,12.312,34.789,-0.183,1093308.697,4354530.283,18.444779013,18.346169209,77.451529539,-2569.539,5365.21,13801.13,1341.30,3450.28,2.453,-0.456,179.869,0.001057103,0.003999939,0.021395976,0.999762540,3394506.977,3391937.438,671117968,47
ROVER,3,1850,-1,17.779,51.059,-0.681,1093314.164,4354546.553,18.444871247,18.346169209,77.451818930,-2569.040,5343.34,13866.21,1335.84,3466.55,1.227,0.328,-178.742,0.010947535,0.002978986,-0.010672102,-0.999878700,3394506.926,3391937.886,671207098,48
ROVER,3,1950,-1,13.306,62.322,-0.741,1093309.691,4354557.816,18.444795784,18.346169209,77.452019258,-2568.980,5361.24,13911.26,1340.31,3477.82,-0.096,-0.093,179.849,0.001316489,0.000813268,-0.000838001,0.999998450,3394506.921,3391937.941,671300257,49
ROVER,3,2046,-1,10.735,69.100,-0.671,1093307.120,4354564.594,18.444752410,18.346169209,77.452139814,-2569.050,5371.52,13938.38,1342.88,3484.59,0.165,0.263,175.227,0.041646212,-0.002231458,0.001534633,0.999128760,3394506.922,3391937.872,671562055,52
ROVER,3,2150,-1,5.626,73.921,-0.720,1093302.011,4354569.415,18.444666218,18.346169209,77.452225563,-2569.001,5391.96,13957.66,1347.99,3489.42,0.486,-1.541,172.923,0.061652582,0.013678816,0.003399063,0.997998100,3394506.931,3391937.930,672719649,65
ROVER,3,2208,-1,-2.530,77.972,-0.406,1093293.855,4354573.466,18.444528622,18.346169209,77.452297616,-2569.315,5424.58,13973.86,1356.15,3493.47,-0.446,-0.928,162.259,0.154229490,0.007404435,-0.005096507,0.987994130,3394506.950,3391937.635,672795748,66
ROVER,3,2346,-1,-17.386,90.332,-0.581,1093278.999,4354585.826,18.444277992,18.346169209,77.452517456,-2569.140,5484.00,14023.30,1371.00,3505.83,1.474,0.653,-170.744,0.080609290,0.006717303,-0.012358054,-0.996646500,3394506.972,3391937.832,673342968,72
ROVER,3,2430,-1,-26.396,94.262,-0.907,1093269.989,4354589.755,18.444125980,18.346169209,77.452587346,-2568.814,5520.05,14039.02,1380.01,3509.76,1.752,1.900,156.184,0.206537740,-0.013065716,0.018374264,0.978178860,3394506.995,3391938.181,673426863,73
SITE,4,-1,-1,-20.866,76.786,-0.421,1093275.519,4354572.280,18.444219282,18.346169209,77.452276521,-2569.300,5497.92,13969.12,1374.48,3492.28,0.000,-0.000,0.000,1.000000000,0.000000000,0.000000000,0.000000000,3394507.014,3391937.714,674404351,84
ROVER,4,6,-1,-20.867,76.786,-0.421,1093275.518,4354572.280,18.444219265,18.346169209,77.452276521,-2569.300,5497.93,13969.12,1374.48,3492.28,0.952,-0.167,-137.226,0.364665700,0.001672446,-0.008266929,-0.931100300,3394507.014,3391937.714,674582875,86
ROVER,4,48,-1,-24.368,73.551,-0.521,1093272.017,4354569.045,18.444160201,18.346169209,77.452218982,-2569.200,5511.93,13956.18,1377.98,3489.04,-0.582,-0.532,-141.045,0.333409900,-0.006069357,0.003239077,-0.942756830,3394507.035,3391937.835,674583376,86
ROVER,4,136,-1,-40.967,72.880,-0.491,1093255.418,4354568.374,18.443880166,18.346169209,77.452207047,-2569.230,5578.33,13953.50,1394.58,3488.37,-0.649,1.024,-119.257,0.505619050,0.004842842,0.009402175,-0.862692000,3394507.097,3391937.867,675027354,91
ROVER,4,218,-1,-47.929,70.322,-0.524,1093248.456,4354565.816,18.443762713,18.346169209,77.452161549,-2569.197,5606.18,13943.26,1401.54,3485.82,1.200,0.341,-138.559,0.353755530,0.006487068,-0.008741458,-0.935274540,3394507.126,3391937.929,675733622,99
ROVER,4,372,-1,-78.040,34.667,-0.767,1093218.345,4354530.161,18.443254722,18.346169209,77.451527374,-2568.954,5726.62,13800.64,1431.66,3450.16,0.770,2.695,-108.317,0.585239770,0.022995472,0.008324719,-0.810491440,3394507.329,3391938.375,675998039,102
ROVER,4,430,-1,-93.283,15.945,-0.861,1093203.102,4354511.439,18.442997564,18.346169209,77.451194377,-2568.860,5787.59,13725.76,1446.90,3431.44,0.510,-0.168,-118.982,0.507673100,0.000993270,-0.004576880,-0.861537040,3394507.431,3391938.571,676090864,103
ROVER,4,510,-1,-127.331,-2.607,-0.789,1093169.054,4354492.887,18.442423153,18.346169209,77.450864403,-2568.932,5923.78,13651.55,1480.95,3412.89,-1.650,0.585,-146.309,0.289826720,0.000715312,0.015262010,-0.956957160,3394507.609,3391938.677,676178066,104
ROVER,4,592,-1,-151.942,-12.041,-1.211,1093144.443,4354483.453,18.442007951,18.346169209,77.450696606,-2568.510,6022.23,13613.81,1505.56,3403.45,1.409,-0.616,-143.308,0.314788900,-0.001235536,-0.013363393,-0.949066800,3394507.722,3391939.212,676266084,105
ROVER,4,638,-1,-156.738,-14.977,-1.130,1093139.646,4354480.517,18.441927028,18.346169209,77.450644384,-2568.592,6041.41,13602.07,1510.35,3400.52,0.269,0.450,147.326,0.281293700,-0.003111185,0.003358132,0.959610800,3394507.744,3391939.152,676447966,107
ROVER,4,644,-1,-159.669,-12.982,-1.199,1093136.715,4354482.512,18.441877578,18.346169209,77.450679869,-2568.522,6053.14,13610.05,1513.28,3402.51,-1.923,2.933,148.336,0.272280480,-0.029198756,-0.009159205,0.961731200,3394507.752,3391939.230,676448269,107
ROVER,4,738,-1,-165.560,-33.342,-1.049,1093130.825,4354462.152,18.441778199,18.346169209,77.450317738,-2568.673,6076.70,13528.61,1519.18,3382.15,1.611,-0.034,-119.542,0.503413700,0.006817407,-0.012293205,-0.863931200,3394507.815,3391939.142,676529842,108
ROVER,4,822,-1,-204.581,-66.651,-1.014,1093091.803,4354428.843,18.441119889,18.346169209,77.449725296,-2568.707,6232.79,13395.37,1558.20,3348.84,0.759,-1.524,-142.345,0.322769550,-0.010453425,-0.010562886,-0.946360900,3394508.012,3391939.305,676621783,109
ROVER,4,922,-1,-259.148,-71.239,-0.821,1093037.237,4354424.255,18.440199321,18.346169209,77.449643685,-2568.900,6451.05,13377.02,1612.76,3344.25,0.480,0.544,-153.264,0.231182200,0.005587877,-0.002976557,-0.972889900,3394508.169,3391939.269,676710613,110
ROVER,4,1062,-1,-294.029,-77.182,-0.584,1093002.356,4354418.312,18.439610857,18.346169209,77.449537980,-2569.137,6590.58,13353.25,1647.64,3338.31,0.743,0.963,-155.228,0.214429300,0.009599406,-0.004532415,-0.976681800,3394508.255,3391939.118,676977817,113
ROVER,4,1250,-1,-326.136,-84.824,-1.648,1092970.249,4354410.670,18.439069193,18.346169209,77.449402057,-2568.073,6719.00,13322.68,1679.75,3330.67,1.868,4.034,-140.025,0.341022000,0.038643017,-0.003281747,-0.939255000,3394508.329,3391940.256,677242671,116
ROVER,4,1422,-1,-296.373,-84.298,-0.762,1093000.012,4354411.196,18.439571309,18.346169209,77.449411409,-2568.959,6599.95,13324.78,1649.99,3331.20,-2.418,0.768,99.778,0.644003400,-0.018713437,-0.011818395,0.764702440,3394508.271,3391939.312,677775343,122
ROVER,4,1644,-1,-362.311,-71.724,-1.242,1092934.074,4354423.770,18.438458898,18.346169209,77.449635059,-2568.479,6863.70,13375.08,1715.93,3343.77,0.568,0.766,-155.603,0.211256970,0.007580538,-0.003436606,-0.977395100,3394508.382,3391939.903,677868716,123
ROVER,4,1712,-1,-369.323,-75.948,-1.509,1092927.062,4354419.546,18.438340598,18.346169209,77.449559922,-2568.213,6891.75,13358.18,1722.94,3339.55,-0.995,2.519,-153.765,0.227070290,0.019434243,0.013445362,-0.973591600,3394508.399,3391940.186,677952623,124
ROVER,4,1776,-1,-387.087,-61.304,-1.139,1092909.298,4354434.190,18.438040912,18.346169209,77.449820393,-2568.582,6962.81,13416.76,1740.70,3354.19,3.563,-3.620,152.735,0.234509800,0.038007140,0.022755569,0.971103900,3394508.416,3391939.834,678124632,126
ROVER,4,1860,-1,-426.196,-53.506,-0.609,1092870.189,4354441.988,18.437381120,18.346169209,77.449959092,-2569.112,7119.24,13447.95,1779.81,3361.99,3.783,-2.598,-176.862,0.028104471,-0.021742491,-0.033607103,-0.998803260,3394508.476,3391939.364,678214339,127
ROVER,4,1878,-1,-423.383,-53.180,-0.545,1092873.002,4354442.314,18.437428577,18.346169209,77.449964890,-2569.176,7107.99,13449.26,1777.00,3362.31,-0.487,-0.165,-172.628,0.064278595,-0.001708140,0.004150814,-0.997921900,3394508.472,3391939.296,678311461,128
ROVER,4,2222,-1,-446.149,-28.114,-0.476,1092850.236,4354467.380,18.437044501,18.346169209,77.450410725,-2569.245,7199.06,13549.52,1799.76,3387.38,0.878,0.709,80.504,0.763200800,0.001849835,0.009668378,0.646086340,3394508.488,3391939.243,678398835,129
SITE,5,-1,-1,-522.573,45.792,0.913,1092773.812,4354541.286,18.435755182,18.346169209,77.451725248,-2570.634,7504.75,13845.14,1876.19,3461.29,0.000,-0.000,0.000,1.000000000,0.000000000,0.000000000,0.000000000,3394508.611,3391937.977,678490157,130
ROVER,5,500,-1,-624.699,63.881,3.633,1092671.686,4354559.375,18.434032254,18.346169209,77.452046987,-2573.354,7913.26,13917.50,1978.31,3479.38,-3.660,-1.551,-155.535,0.211332400,-0.019988965,0.028341925,-0.976798800,3394508.910,3391935.556,678572815,131
ROVER,5,894,-1,-716.987,77.785,5.441,1092579.398,4354573.279,18.432475300,18.346169209,77.452294290,-2575.162,8282.41,13973.12,2070.60,3493.28,0.281,-2.641,154.118,0.223829270,0.023003794,-0.002774395,0.974352900,3394509.231,3391934.069,678838237,134
ROVER,5,1388,-1,-796.338,69.608,10.514,1092500.047,4354565.102,18.431136600,18.346169209,77.452148850,-2580.235,8599.81,13940.41,2149.95,3485.10,-0.504,-7.078,-126.719,0.447286730,-0.057141460,-0.023757929,-0.892247140,3394509.542,3391929.307,678928453,135
ROVER,5,1572,-1,-830.233,63.720,12.908,1092466.152,4354559.214,18.430564766,18.346169209,77.452044128,-2582.630,8735.39,13916.86,2183.85,3479.21,3.151,5.088,104.795,0.610312760,-0.018390667,0.048830815,0.790440140,3394509.686,3391927.056,679017672,136
ROVER,5,1812,-1,-864.968,69.709,14.070,1092431.417,4354565.203,18.429978768,18.346169209,77.452150652,-2583.792,8874.33,13940.81,2218.58,3485.20,3.011,3.753,90.788,0.702222940,-0.004867767,0.041682597,0.710719200,3394509.820,3391926.028,679102815,137
ROVER,5,2296,-1,-960.185,62.863,16.148,1092336.200,4354558.357,18.428372394,18.346169209,77.452028875,-2585.870,9255.20,13913.43,2313.80,3478.36,3.982,0.366,-140.829,0.334908370,0.014652315,-0.031661503,-0.941604600,3394510.214,3391924.344,680527778,153
ROVER,5,2512,-1,-995.469,37.403,15.365,1092300.915,4354532.897,18.427777125,18.346169209,77.451576029,-2585.087,9396.34,13811.59,2349.08,3452.90,0.910,3.199,-150.846,0.251358700,0.029013533,-0.000659930,-0.967458840,3394510.397,3391925.310,680708669,155
SITE,6,-1,-1,-1000.359,41.551,15.201,1092296.026,4354537.045,18.427694643,18.346169209,77.451649816,-2584.922,9415.90,13828.18,2353.97,3457.04,0.000,-0.000,0.000,1.000000000,0.000000000,0.000000000,0.000000000,3394510.412,3391925.490,680884496,157
ROVER,6,170,-1,-1026.510,39.123,13.067,1092269.875,4354534.617,18.427253460,18.346169209,77.451606631,-2582.788,9520.50,13818.47,2380.12,3454.62,-0.732,8.350,-173.506,0.056950910,0.072323340,0.010487258,-0.995698750,3394510.512,3391927.724,681862945,168
ROVER,6,410,-1,-1003.469,-5.905,15.739,1092292.916,4354489.589,18.427642175,18.346169209,77.450805744,-2585.460,9428.34,13638.36,2357.08,3409.59,1.993,-2.791,-78.211,0.775907100,-0.001867546,-0.029864317,-0.630137150,3394510.506,3391925.046,681949042,169
ROVER,6,892,-1,-956.171,-96.093,16.064,1092340.214,4354399.401,18.428440121,18.346169209,77.449201621,-2585.785,9239.14,13277.60,2309.79,3319.40,7.453,2.969,-75.001,0.790377440,0.067285680,-0.019046571,-0.608616000,3394510.347,3391924.562,682034723,170
ROVER,6,1450,-1,-890.527,-181.797,13.950,1092405.858,4354313.697,18.429547574,18.346169209,77.447677259,-2583.672,8976.57,12934.79,2244.14,3233.70,8.313,-1.413,-57.759,0.873699000,0.057517400,-0.045773894,-0.480881040,3394509.965,3391926.293,682123173,171
ROVER,6,1648,-1,-886.715,-217.285,11.664,1092409.670,4354278.209,18.429611881,18.346169209,77.447046051,-2581.385,8961.32,12792.84,2240.33,3198.21,9.734,3.023,-65.549,0.836270330,0.085542190,-0.023814918,-0.541079760,3394509.894,3391928.509,682305169,173
ROVER,6,1752,-1,-883.774,-231.514,9.883,1092412.611,4354263.980,18.429661502,18.346169209,77.446792966,-2579.604,8949.56,12735.92,2237.39,3183.98,-4.601,19.204,-164.483,0.139637340,0.159800860,0.061720412,-0.975272100,3394509.856,3391930.252,682481754,175
ROVER,6,2250,-1,-833.248,-306.742,9.647,1092463.137,4354188.752,18.430513906,18.346169209,77.445454929,-2579.368,8747.45,12435.01,2186.86,3108.75,6.472,5.594,-75.932,0.784486200,0.074424170,0.003727510,-0.615652900,3394509.544,3391930.176,682663510,177
ROVER,6,2666,-1,-814.775,-371.072,4.648,1092481.610,4354124.422,18.430825557,18.346169209,77.444310728,-2574.369,8673.56,12177.69,2168.39,3044.42,-0.452,-0.560,-142.369,0.322499420,-0.005898911,0.002154519,-0.946548800,3394509.409,3391935.040,682748743,178
SITE,7,-1,-1,-819.882,-367.979,4.803,1092476.503,4354127.515,18.430739399,18.346169209,77.444365741,-2574.524,8693.99,12190.06,2173.50,3047.51,0.000,-0.000,0.000,1.000000000,0.000000000,0.000000000,0.000000000,3394509.426,3391934.902,682926548,180
ROVER,7,346,-1,-790.790,-426.544,4.465,1092505.595,4354068.950,18.431230199,18.346169209,77.443324079,-2574.186,8577.62,11955.80,2144.41,2988.95,-3.278,-0.310,-75.775,0.788844900,-0.024236469,0.015431293,-0.613920400,3394509.302,3391935.116,684611291,199
ROVER,7,1172,-1,-712.685,-574.828,2.120,1092583.700,4353920.666,18.432547877,18.346169209,77.440686637,-2571.841,8265.20,11362.66,2066.30,2840.67,-0.009,4.492,-51.044,0.901726840,0.016812980,0.035397593,-0.430526400,3394509.135,3391937.294,684699482,200
ROVER,7,1358,-1,-703.550,-541.075,4.526,1092592.835,4353954.419,18.432701990,18.346169209,77.441286982,-2574.247,8228.66,11497.68,2057.17,2874.42,1.363,-5.607,45.948,0.919289770,0.030024527,-0.040393498,0.390350200,3394509.108,3391934.861,684789699,201
ROVER,7,1556,-1,-669.677,-514.450,5.465,1092626.708,4353981.044,18.433273448,18.346169209,77.441760546,-2575.186,8093.17,11604.18,2023.29,2901.04,2.130,2.960,32.119,0.960621100,0.010713133,0.029956121,0.276034270,3394509.038,3391933.852,684875840,202
ROVER,7,1716,-1,-666.098,-487.041,4.710,1092630.286,4354008.453,18.433333816,18.346169209,77.442248055,-2574.432,8078.85,11713.81,2019.71,2928.45,2.922,1.520,87.461,0.722536700,0.009251062,0.027204804,0.690735160,3394509.031,3391934.599,684964463,203
ROVER,7,1836,-1,-662.279,-477.930,3.860,1092634.105,4354017.564,18.433398242,18.346169209,77.442410102,-2573.582,8063.58,11750.26,2015.89,2937.56,-6.549,3.561,-49.727,0.906139250,-0.038759675,0.052151660,-0.417958800,3394509.023,3391935.442,685058460,204
ROVER,7,2050,-1,-639.349,-494.187,3.599,1092657.036,4354001.307,18.433785100,18.346169209,77.442120952,-2573.320,7971.86,11685.23,1992.96,2921.31,-5.377,4.589,27.648,0.968739450,-0.055067997,0.027631488,0.240307850,3394508.973,3391935.653,685590618,210
ROVER,7,2246,-1,-631.819,-463.712,1.328,1092664.566,4354031.782,18.433912131,18.346169209,77.442662996,-2571.050,7941.74,11807.13,1985.43,2951.78,-3.721,2.551,76.763,0.782838170,-0.039254260,-0.002711550,0.620980000,3394508.958,3391937.909,687986611,237
ROVER,7,2326,-1,-634.546,-447.015,-0.740,1092661.839,4354048.478,18.433866125,18.346169209,77.442959964,-2568.982,7952.65,11873.91,1988.16,2968.48,-2.947,11.956,110.069,0.567582900,-0.099977314,0.038707790,0.816306230,3394508.965,3391939.984,688074230,238
ROVER,7,2440,-1,-628.930,-444.098,-0.567,1092667.455,4354051.396,18.433960875,18.346169209,77.443011850,-2569.154,7930.18,11885.58,1982.54,2971.40,0.291,-8.050,-74.124,0.796119900,-0.040280573,-0.057534505,-0.601049360,3394508.950,3391939.796,688162709,239
SITE,8,-1,-1,-628.741,-443.684,-0.567,1092667.644,4354051.810,18.433964063,18.346169209,77.443019220,-2569.154,7929.42,11887.24,1982.36,2971.81,0.000,-0.000,0.000,1.000000000,0.000000000,0.000000000,0.000000000,3394508.950,3391939.796,688959859,248
ROVER,8,64,-1,-631.004,-441.459,-1.016,1092665.381,4354054.035,18.433925885,18.346169209,77.443058789,-2568.706,7938.48,11896.14,1984.62,2974.03,-1.596,6.674,115.190,0.534259100,-0.056591730,0.019457820,0.843199850,3394508.958,3391940.252,691616698,278
ROVER,8,256,-1,-634.020,-476.520,2.308,1092662.365,4354018.973,18.433875003,18.346169209,77.442435175,-2572.030,7950.54,11755.89,1987.64,2938.97,3.351,-6.532,-97.336,0.660317840,-0.023481125,-0.059529750,-0.748254800,3394508.962,3391936.933,691799043,280
ROVER,8,410,-1,-659.699,-499.593,4.712,1092636.686,4353995.901,18.433441783,18.346169209,77.442024797,-2574.434,8053.26,11663.60,2013.31,2915.90,0.037,0.460,-120.436,0.496695900,0.003645018,0.001714730,-0.867915300,3394509.015,3391934.582,691887212,281
ROVER,8,458,-1,-658.530,-496.426,4.578,1092637.855,4353999.068,18.433461505,18.346169209,77.442081124,-2574.299,8048.58,11676.27,2012.15,2919.07,-5.495,1.002,-38.962,0.941771450,-0.042272918,0.024215035,-0.332705900,3394509.015,3391934.716,692064080,283
ROVER,8,734,-1,-699.481,-532.015,5.177,1092596.904,4353963.479,18.432770637,18.346169209,77.441448122,-2574.898,8212.38,11533.91,2053.10,2883.48,-1.687,3.236,-130.342,0.420072000,0.019448547,0.025209837,-0.906932060,3394509.097,3391934.198,692244230,285
SITE,9,-1,-1,-706.004,-536.238,4.716,1092590.381,4353959.256,18.432660590,18.346169209,77.441373015,-2574.438,8238.48,11517.02,2059.62,2879.26,0.000,-0.000,0.000,1.000000000,0.000000000,0.000000000,0.000000000,3394509.111,3391934.674,692336733,286
ROVER,9,82,-1,-709.454,-534.108,4.574,1092586.931,4353961.386,18.432602386,18.346169209,77.441410907,-2574.295,8252.28,11525.55,2063.07,2881.39,13.200,-3.537,-25.956,0.968332900,0.105065080,-0.055676830,-0.219528720,3394509.118,3391934.823,696067752,328
ROVER,9,178,-1,-709.247,-537.670,4.540,1092587.138,4353957.824,18.432605878,18.346169209,77.441347539,-2574.261,8251.45,11511.29,2062.86,2877.82,1.353,-2.734,-15.517,0.990532700,0.008472126,-0.025230197,-0.134672310,3394509.118,3391934.857,696508481,333
ROVER,9,276,-1,-709.058,-539.555,4.503,1092587.327,4353955.939,18.432609067,18.346169209,77.441314012,-2574.225,8250.69,11503.75,2062.67,2875.94,0.503,0.633,38.086,0.945259030,0.002343217,0.006652166,0.326244700,3394509.119,3391934.894,696686775,335
ROVER,9,364,-1,-705.099,-557.463,3.689,1092591.286,4353938.031,18.432675858,18.346169209,77.440995499,-2573.411,8234.86,11432.12,2058.71,2858.03,-0.876,5.921,-139.945,0.342373900,0.045908652,0.024857383,-0.938112260,3394509.115,3391935.704,697121829,340
ROVER,9,1064,-1,-797.012,-522.062,4.238,1092499.373,4353973.432,18.431125230,18.346169209,77.441625148,-2573.960,8602.51,11573.73,2150.63,2893.43,-0.314,-1.563,137.288,0.364164980,0.011708199,-0.007517274,0.931230550,3394509.278,3391935.318,697127733,340
ROVER,9,1554,-1,-821.456,-434.277,4.923,1092474.929,4354061.217,18.430712845,18.346169209,77.443186537,-2574.644,8700.28,11924.87,2175.07,2981.22,0.171,0.770,99.591,0.645512700,-0.004168746,0.005473548,0.763718550,3394509.364,3391934.720,697132241,340
ROVER,9,1914,-1,-810.643,-362.647,5.103,1092485.742,4354132.847,18.430895266,18.346169209,77.444460578,-2574.824,8657.03,12211.39,2164.26,3052.85,-1.854,-6.375,71.063,0.812954900,0.019162387,-0.054628965,0.579441850,3394509.409,3391934.585,697214765,341
ROVER,9,2304,-1,-841.017,-303.985,9.564,1092455.368,4354191.509,18.430382839,18.346169209,77.445503958,-2579.285,8778.53,12446.03,2194.63,3111.51,-5.913,-2.472,125.361,0.459224940,-0.004529366,-0.055700650,0.886560440,3394509.580,3391930.294,697217748,341
ROVER,9,2818,-1,-877.330,-234.014,10.983,1092419.055,4354261.480,18.429770216,18.346169209,77.446748503,-2580.704,8923.78,12725.92,2230.95,3181.48,-10.788,2.953,139.433,0.342744920,-0.056636590,-0.079256310,0.934364300,3394509.831,3391929.126,697222295,341
ROVER,9,2858,-1,-882.779,-222.534,11.413,1092413.606,4354272.960,18.429678288,18.346169209,77.446952686,-2581.134,8945.58,12771.84,2236.39,3192.96,-12.394,3.366,153.149,0.227642760,-0.053448107,-0.098170090,0.967308000,3394509.871,3391928.736,697305316,342
ROVER,9,2948,-1,-892.319,-214.127,11.007,1092404.066,4354281.367,18.429517343,18.346169209,77.447102219,-2580.729,8983.74,12805.47,2245.93,3201.37,0.524,9.383,-135.661,0.375730750,0.077461720,0.026646420,-0.923101300,3394509.923,3391929.195,697394039,343
ROVER,9,2982,-1,-895.977,-217.633,10.238,1092400.408,4354277.861,18.429455630,18.346169209,77.447039858,-2579.959,8998.37,12791.44,2249.59,3197.86,-0.753,9.728,-132.381,0.402740150,0.074929410,0.040215480,-0.911355440,3394509.933,3391929.974,697394616,343
ROVER,9,3478,-1,-924.447,-140.687,14.952,1092371.938,4354354.807,18.428975324,18.346169209,77.448408455,-2584.674,9112.25,13099.23,2278.06,3274.81,-6.093,3.173,170.672,0.079697244,-0.031879272,-0.050704803,0.995018100,3394510.175,3391925.501,698020007,350
ROVER,9,5156,-1,-910.608,81.631,15.624,1092385.777,4354577.125,18.429208796,18.346169209,77.452362701,-2585.345,9056.89,13988.50,2264.22,3497.13,-1.011,2.239,14.216,0.992064800,-0.011171350,0.018295880,0.123886620,3394509.984,3391924.639,698109654,351
ROVER,9,5676,-1,-851.029,78.502,12.261,1092445.356,4354573.996,18.430213930,18.346169209,77.452307045,-2581.982,8818.58,13975.98,2204.64,3494.00,-0.285,4.619,27.425,0.970680600,-0.011968150,0.038561523,0.236957610,3394509.753,3391927.770,698190686,352
ROVER,9,6214,-1,-781.608,94.563,7.541,1092514.777,4354590.056,18.431385104,18.346169209,77.452592701,-2577.262,8540.89,14040.23,2135.22,3510.06,0.223,1.797,50.587,0.904030560,-0.004938485,0.015010229,0.427175700,3394509.473,3391932.210,698279657,353
ROVER,9,6884,-1,-694.616,67.569,5.280,1092601.769,4354563.063,18.432852712,18.346169209,77.452112585,-2575.001,8192.92,13932.25,2048.23,3483.06,-0.834,2.942,14.386,0.991753460,-0.010428982,0.024559475,0.125351970,3394509.152,3391934.151,698285003,353
ROVER,9,7344,-1,-608.983,69.831,3.310,1092687.402,4354565.325,18.434297393,18.346169209,77.452152818,-2573.031,7850.39,13941.30,1962.60,3485.33,4.433,3.450,4.509,0.998071550,0.037440915,0.031580396,0.038131670,3394508.858,3391935.827,698366013,354
ROVER,9,7758,-1,-535.115,54.600,1.132,1092761.270,4354550.094,18.435543590,18.346169209,77.451881915,-2570.854,7554.92,13880.38,1888.73,3470.09,1.325,2.177,-22.886,0.979836000,0.015098886,0.016320243,-0.198562760,3394508.642,3391937.788,698369064,354
ROVER,9,7894,-1,-512.415,48.644,1.092,1092783.970,4354544.138,18.435926553,18.346169209,77.451775968,-2570.813,7464.12,13856.55,1866.03,3464.14,0.021,-0.046,-35.076,0.953518150,0.000052427,-0.000439726,-0.301335220,3394508.580,3391937.767,698370264,354
ROVER,9,8284,-1,-442.733,21.613,0.497,1092853.652,4354517.107,18.437102131,18.346169209,77.451295182,-2570.219,7185.39,13748.43,1796.35,3437.11,1.059,0.767,-20.189,0.984444440,0.010275811,0.004973015,-0.175324870,3394508.427,3391938.209,698456670,355
ROVER,9,8710,-1,-366.302,-1.271,0.371,1092930.083,4354494.222,18.438391568,18.346169209,77.450888157,-2570.093,6879.67,13656.89,1719.92,3414.22,2.946,0.690,-27.177,0.971633400,0.026398437,-0.000185415,-0.235014130,3394508.285,3391938.193,698459899,355
ROVER,9,9100,-1,-294.132,8.983,-0.005,1093002.253,4354504.477,18.439609119,18.346169209,77.451070547,-2569.717,6590.99,13697.91,1647.75,3424.48,6.335,-2.291,36.428,0.947910700,0.058716804,-0.001691385,0.313072980,3394508.092,3391938.376,698462928,355
ROVER,9,9314,-1,-265.739,31.038,0.038,1093030.646,4354526.532,18.440088126,18.346169209,77.451462820,-2569.760,6477.42,13786.13,1619.35,3446.53,1.826,-0.604,-45.594,0.921786100,0.012651218,-0.011033218,-0.387335200,3394507.963,3391938.204,698465130,355
ROVER,9,9436,-1,-230.202,55.411,-0.003,1093066.183,4354550.905,18.440687657,18.346169209,77.451896332,-2569.719,6335.27,13883.62,1583.82,3470.90,0.513,1.729,45.258,0.922926300,-0.001675773,0.015648078,0.384654900,3394507.789,3391938.070,698719687,358
SITE,10,-1,-1,-230.070,55.204,-0.003,1093066.315,4354550.697,18.440689884,18.346169209,77.451892644,-2569.719,6334.74,13882.79,1583.69,3470.70,0.000,-0.000,0.000,1.000000000,0.000000000,0.000000000,0.000000000,3394507.789,3391938.070,698814657,359
ROVER,10,516,-1,-144.704,48.229,-0.516,1093151.681,4354543.723,18.442130060,18.346169209,77.451768592,-2569.205,5993.28,13854.89,1498.32,3463.72,-1.526,1.487,-28.654,0.968774300,-0.009687088,0.015867896,-0.247246250,3394507.533,3391938.328,698900226,360
ROVER,10,1114,-1,-42.391,70.830,-0.500,1093253.994,4354566.324,18.443856142,18.346169209,77.452170588,-2569.222,5584.02,13945.30,1396.01,3486.32,2.714,-1.556,25.708,0.974505250,0.026106035,-0.007966406,0.222698290,3394507.107,3391937.885,698905583,360
ROVER,10,1178,-1,-37.545,82.310,-0.773,1093258.840,4354577.804,18.443937897,18.346169209,77.452374771,-2568.948,5564.64,13991.22,1391.16,3497.80,-1.145,2.334,108.390,0.584715700,-0.022364259,0.003810281,0.810920950,3394507.066,3391938.118,698987187,361
ROVER,10,1224,-1,-39.016,86.740,-0.979,1093257.369,4354582.234,18.443913081,18.346169209,77.452453561,-2568.743,5570.52,14008.93,1392.63,3502.23,4.444,0.246,-141.288,0.331108600,0.014875976,-0.035870940,-0.942793250,3394507.058,3391938.315,698987710,361
SITE,11,-1,-1,-40.147,85.854,-0.999,1093256.238,4354581.348,18.443894000,18.346169209,77.452437803,-2568.722,5575.05,14005.39,1393.76,3501.35,0.000,-0.000,0.000,1.000000000,0.000000000,0.000000000,0.000000000,3394507.064,3391938.342,698990234,361
ROVER,11,108,-1,-39.695,85.665,-0.999,1093256.690,4354581.159,18.443901625,18.346169209,77.452434450,-2568.722,5573.24,14004.64,1393.31,3501.16,2.464,1.115,-162.715,0.150017280,0.012851167,-0.019793207,-0.988401700,3394507.064,3391938.342,699082013,362
ROVER,11,1110,-1,98.192,31.641,-0.887,1093394.577,4354527.135,18.446227863,18.346169209,77.451473549,-2568.834,5021.69,13788.54,1255.42,3447.13,-0.672,3.467,36.837,0.948268600,-0.015118707,0.026850104,0.315970240,3394506.644,3391937.810,700590641,379
ROVER,11,2472,-1,262.187,191.961,0.035,1093558.572,4354687.455,18.448994557,18.346169209,77.454325072,-2569.756,4365.71,14429.82,1091.43,3607.46,-0.457,-0.057,35.137,0.953350500,-0.003651986,-0.001680896,0.301838870,3394506.040,3391936.284,700683201,380
SITE,12,-1,-1,262.281,191.942,0.035,1093558.666,4354687.436,18.448996143,18.346169209,77.454324737,-2569.756,4365.34,14429.74,1091.33,3607.44,0.000,-0.000,0.000,1.000000000,0.000000000,0.000000000,0.000000000,3394506.040,3391936.284,700768120,381
SITE,13,-1,-1,392.906,451.452,1.480,1093689.291,4354946.946,18.451199866,18.346169209,77.458940484,-2571.202,3842.84,15467.78,960.71,3866.95,0.000,-0.000,0.000,1.000000000,0.000000000,0.000000000,0.000000000,3394505.562,3391934.360,700866102,382
ROVER,13,1280,-1,539.402,615.561,0.922,1093835.787,4355111.055,18.453671342,18.346169209,77.461859398,-2570.644,3256.85,16124.22,814.21,4031.05,2.091,1.978,34.666,0.954381170,0.012274187,0.021908833,0.297533120,3394505.259,3391934.615,700948638,383
ROVER,13,2448,-1,740.847,623.761,-0.952,1094037.232,4355119.255,18.457069841,18.346169209,77.462005243,-2568.770,2451.07,16157.02,612.77,4039.25,-3.725,1.904,34.674,0.953771530,-0.035966985,0.006172006,0.298308730,3394504.684,3391935.914,701036521,384
SITE,14,-1,-1,753.855,619.934,-0.900,1094050.240,4355115.428,18.457289294,18.346169209,77.461937182,-2568.821,2399.04,16141.71,599.76,4035.43,0.000,-0.000,0.000,1.000000000,0.000000000,0.000000000,0.000000000,3394504.637,3391935.816,701124871,385
ROVER,14,1176,-1,961.441,687.172,-1.833,1094257.826,4355182.666,18.460791395,18.346169209,77.463133112,-2567.888,1568.70,16410.67,392.17,4102.67,0.548,0.862,33.103,0.958537400,0.002442065,0.008570670,0.284827320,3394504.058,3391936.169,701214981,386
SITE,15,-1,-1,1179.843,599.821,-1.980,1094476.228,4355095.315,18.464475969,18.346169209,77.461579442,-2567.741,695.09,16061.26,173.77,4015.31,0.000,-0.000,0.000,1.000000000,0.000000000,0.000000000,0.000000000,3394503.508,3391935.767,701307502,387
ROVER,15,1334,-1,1341.200,418.332,-5.027,1094637.585,4354913.826,18.467198159,18.346169209,77.458351403,-2564.694,49.66,15335.30,12.42,3833.83,-1.377,1.131,-79.625,0.768129600,-0.002909795,0.015269927,-0.640105700,3394503.452,3391938.758,701393731,388
SITE,16,-1,-1,1406.346,198.502,-6.531,1094702.731,4354693.996,18.468297212,18.346169209,77.454441413,-2563.190,-210.92,14455.98,-52.73,3614.00,0.000,-0.000,0.000,1.000000000,0.000000000,0.000000000,0.000000000,3394503.029,3391939.839,701485996,389
SITE,17,-1,-1,1401.068,70.095,-7.605,1094697.453,4354565.589,18.468208169,18.346169209,77.452157512,-2562.117,-189.81,13942.36,-47.45,3485.59,0.000,-0.000,0.000,1.000000000,0.000000000,0.000000000,0.000000000,3394502.765,3391940.649,701920308,394
ROVER,17,1064,-1,1379.541,-124.589,-13.369,1094675.926,4354370.905,18.467844995,18.346169209,77.448694780,-2556.352,-103.70,13163.62,-25.93,3290.91,-2.727,2.530,-105.229,0.607275300,0.003095262,0.032305487,-0.793828370,3394502.524,3391946.172,702011241,395
SITE,18,-1,-1,1351.417,-278.783,-11.979,1094647.802,4354216.711,18.467370526,18.346169209,77.445952222,-2557.743,8.79,12546.84,2.20,3136.71,0.000,-0.000,0.000,1.000000000,0.000000000,0.000000000,0.000000000,3394502.599,3391944.857,702101051,396
ROVER,18,320,-1,1316.846,-323.759,-11.937,1094613.231,4354171.735,18.466787293,18.346169209,77.445152253,-2557.784,147.08,12366.94,36.77,3091.73,-0.196,-1.241,-170.409,0.083576690,-0.010935851,0.000795244,-0.996441000,3394502.686,3391944.902,702188228,397
ROVER,18,1622,-1,1245.517,-472.675,-11.225,1094541.902,4354022.819,18.465583929,18.346169209,77.442503572,-2558.496,432.39,11771.28,108.10,2942.82,-0.780,-0.357,-120.002,0.499953030,-0.006102748,0.004334646,-0.866020140,3394502.898,3391944.402,702280589,398
SITE,19,-1,-1,1155.074,-665.512,-12.731,1094451.459,4353829.982,18.464058101,18.346169209,77.439073697,-2556.991,794.16,10999.93,198.54,2749.98,0.000,-0.000,0.000,1.000000000,0.000000000,0.000000000,0.000000000,3394503.087,3391946.096,702370256,399
ROVER,19,1126,-1,1029.737,-832.392,-14.548,1094326.122,4353663.102,18.461943590,18.346169209,77.436105497,-2555.174,1295.51,10332.41,323.88,2583.10,-2.219,1.591,-106.201,0.600456300,-0.000520427,0.023817824,-0.799302600,3394503.306,3391948.132,702455736,400
ROVER,19,2066,-1,1009.133,-1008.244,-17.794,1094305.518,4353487.249,18.461595988,18.346169209,77.432977706,-2551.927,1377.93,9629.00,344.48,2407.25,-1.756,-1.066,-134.702,0.384887800,-0.014485061,0.010563720,-0.922789200,3394503.370,3391951.443,702543406,401
SITE,20,-1,-1,951.035,-1175.822,-17.663,1094247.420,4353319.672,18.460615840,18.346169209,77.429997101,-2552.059,1610.32,8958.69,402.58,2239.67,0.000,-0.000,0.000,1.000000000,0.000000000,0.000000000,0.000000000,3394503.535,3391951.476,702637060,402
ROVER,20,1422,-1,874.124,-1414.238,-21.990,1094170.509,4353081.256,18.459318305,18.346169209,77.425756529,-2547.731,1917.96,8005.02,479.49,2001.26,-0.065,-0.689,37.620,0.946577550,0.001406820,-0.005876849,0.322419580,3394503.737,3391956.006,702813785,404
SITE,21,-1,-1,741.337,-1637.669,-19.853,1094037.722,4352857.825,18.457078108,18.346169209,77.421782501,-2549.868,2449.11,7111.30,612.28,1777.83,0.000,-0.000,0.000,1.000000000,0.000000000,0.000000000,0.000000000,3394503.990,3391954.122,702906313,405
ROVER,21,1126,-1,641.577,-1817.517,-18.171,1093937.962,4352677.976,18.455395096,18.346169209,77.418583632,-2551.551,2848.15,6391.91,712.04,1597.98,-0.513,-0.497,-117.329,0.520020000,-0.006032170,0.001571316,-0.854131340,3394504.357,3391952.807,703076663,407
ROVER,21,2560,-1,548.979,-2067.602,-20.451,1093845.364,4352427.892,18.453832912,18.346169209,77.414135523,-2549.271,3218.54,5391.57,804.64,1347.89,-0.745,-0.036,-101.102,0.635374400,-0.004375315,0.004823985,-0.772176740,3394504.778,3391955.507,703168481,408
ROVER,21,2746,-1,550.600,-2101.777,-21.125,1093846.985,4352393.717,18.453860259,18.346169209,77.413527668,-2548.596,3212.06,5254.87,803.01,1313.72,-0.853,0.064,-89.471,0.710344430,-0.004892698,0.005637363,-0.703814600,3394504.759,3391956.162,703248699,409
SITE,22,-1,-1,555.690,-2276.555,-24.120,1093852.075,4352218.939,18.453946131,18.346169209,77.410418987,-2545.601,3191.70,4555.75,797.93,1138.94,0.000,-0.000,0.000,1.000000000,0.000000000,0.000000000,0.000000000,3394504.754,3391959.153,703259691,409
ROVER,22,412,-1,570.884,-2354.783,-25.173,1093867.269,4352140.711,18.454202463,18.346169209,77.409027591,-2544.548,3130.92,4242.84,782.73,1060.71,-0.631,-0.006,-126.881,0.447116940,-0.002506699,0.004899606,-0.894458600,3394504.757,3391960.209,703605010,413
ROVER,22,532,-1,555.049,-2366.584,-24.969,1093851.434,4352128.910,18.453935316,18.346169209,77.408817708,-2544.753,3194.26,4195.64,798.57,1048.91,-0.927,-0.258,-149.444,0.263473180,-0.004299347,0.007208025,-0.964630200,3394504.846,3391960.093,703607259,413
ROVER,22,634,-1,537.630,-2375.707,-24.676,1093834.015,4352119.787,18.453641447,18.346169209,77.408655435,-2545.045,3263.94,4159.15,815.99,1039.79,-0.417,-0.567,-167.927,0.105143330,-0.005299321,0.003102637,-0.994438100,3394504.939,3391959.894,703609501,413
ROVER,22,788,-1,508.863,-2380.834,-24.446,1093805.248,4352114.660,18.453156131,18.346169209,77.408564240,-2545.275,3379.01,4138.64,844.75,1034.66,-0.565,-0.555,-179.744,0.002211439,-0.004854269,0.004922428,-0.999973650,3394505.064,3391959.789,703612179,413
ROVER,22,822,-1,501.473,-2385.735,-24.587,1093797.858,4352109.759,18.453031457,18.346169209,77.408477068,-2545.134,3408.57,4119.03,852.14,1029.76,-0.497,-0.377,-141.400,0.330493270,-0.004540972,0.003004057,-0.943792640,3394505.109,3391959.974,703692469,414
SITE,23,-1,-1,436.925,-2522.210,-24.931,1093733.310,4351973.284,18.451942493,18.346169209,77.406049669,-2544.790,3666.76,3573.14,916.69,893.28,0.000,-0.000,0.000,1.000000000,0.000000000,0.000000000,0.000000000,3394505.482,3391960.692,703703528,414
ROVER,23,824,-1,286.525,-2570.768,-29.444,1093582.910,4351924.726,18.449405154,18.346169209,77.405185997,-2540.278,4268.36,3378.90,1067.09,844.73,-4.653,3.199,-167.033,0.113908150,0.023133563,0.043467775,-0.992270300,3394505.959,3391965.682,703789926,415
ROVER,23,1180,-1,221.372,-2590.975,-35.040,1093517.757,4351904.519,18.448305984,18.346169209,77.404826581,-2534.681,4528.97,3298.07,1132.24,824.52,-3.096,5.285,-169.504,0.092576460,0.043425820,0.031086333,-0.994272300,3394506.173,3391971.492,703877329,416
ROVER,23,2096,-1,258.963,-2744.114,-45.859,1093555.348,4351751.380,18.448940167,18.346169209,77.402102798,-2523.862,4378.61,2685.52,1094.65,671.38,6.231,3.532,-80.271,0.761948900,0.061369453,-0.011492707,-0.644620540,3394506.054,3391982.191,704054781,418
ROVER,23,2532,-1,249.952,-2770.032,-48.811,1093546.337,4351725.461,18.448788146,18.346169209,77.401641794,-2520.911,4414.65,2581.85,1103.66,645.46,5.702,2.809,-78.863,0.770421860,0.053958792,-0.012675260,-0.635120450,3394506.081,3391985.171,704141873,419
ROVER,23,2872,-1,311.410,-2785.697,-46.649,1093607.795,4351709.797,18.449824979,18.346169209,77.401363179,-2523.072,4168.82,2519.19,1042.21,629.80,-0.521,0.445,-80.130,0.765311500,-0.000977216,0.005900687,-0.643632300,3394505.885,3391982.813,704230199,420
ROVER,23,3142,-1,351.187,-2781.437,-43.321,1093647.572,4351714.057,18.450496041,18.346169209,77.401438951,-2526.400,4009.71,2536.23,1002.43,634.06,3.902,1.301,-89.947,0.706704500,0.032102447,-0.016032098,-0.706598300,3394505.787,3391979.386,704320704,421
SITE,24,-1,-1,355.353,-2782.379,-43.257,1093651.738,4351713.115,18.450566324,18.346169209,77.401422188,-2526.465,3993.05,2532.46,998.26,633.11,0.000,-0.000,0.000,1.000000000,0.000000000,0.000000000,0.000000000,3394505.774,3391979.309,704408776,422
ROVER,24,902,-1,332.260,-2669.071,-35.104,1093628.645,4351826.423,18.450176731,18.346169209,77.403437532,-2534.617,4085.42,2985.69,1021.35,746.42,-3.334,-6.263,68.019,0.828247100,0.006465234,-0.061509885,0.556939400,3394505.830,3391971.213,704763907,426
ROVER,24,1328,-1,321.703,-2609.411,-30.622,1093618.088,4351886.083,18.449998628,18.346169209,77.404498681,-2539.100,4127.65,3224.33,1031.91,806.08,1.871,-6.781,35.158,0.951214800,0.033399444,-0.051446540,0.302370880,3394505.855,3391966.756,704851220,427
ROVER,24,1970,-1,412.531,-2564.679,-25.737,1093708.916,4351930.815,18.451530952,18.346169209,77.405294292,-2543.985,3764.34,3403.26,941.08,850.81,-2.073,0.045,6.834,0.998058500,-0.018083053,-0.000687839,0.059596416,3394505.587,3391961.603,704940845,428
ROVER,24,1992,-1,412.606,-2564.679,-25.737,1093708.991,4351930.815,18.451532217,18.346169209,77.405294292,-2543.985,3764.04,3403.26,941.01,850.81,-0.524,-1.447,-69.643,0.820829630,-0.010969279,-0.007755599,-0.571015060,3394505.587,3391961.603,705115375,430
ROVER,24,2770,-1,491.727,-2438.874,-24.671,1093788.112,4352056.620,18.452867036,18.346169209,77.407531925,-2545.051,3447.55,3906.48,861.89,976.62,-0.109,-0.340,-70.277,0.817757900,-0.002488186,-0.001881607,-0.575553900,3394505.206,3391960.155,705296693,432
ROVER,24,2824,-1,492.688,-2432.559,-24.646,1093789.073,4352062.935,18.452883249,18.346169209,77.407644242,-2545.075,3443.71,3931.74,860.93,982.93,0.870,-0.520,93.751,0.683533500,0.008507141,0.002439660,0.729865500,3394505.193,3391960.117,705378429,433
ROVER,24,2932,-1,491.482,-2405.038,-24.554,1093787.867,4352090.456,18.452862903,18.346169209,77.408133745,-2545.167,3448.53,4041.82,862.13,1010.46,1.100,-1.138,89.262,0.711510300,0.013810009,-0.000325880,0.702539860,3394505.168,3391960.001,705380805,433
ROVER,24,3076,-1,518.628,-2392.144,-24.545,1093815.013,4352103.350,18.453320872,18.346169209,77.408363074,-2545.176,3339.95,4093.40,834.99,1023.35,0.733,0.413,-2.783,0.999677660,0.006483670,0.003444891,-0.024303865,3394505.037,3391959.861,705383389,433
ROVER,24,3170,-1,538.083,-2388.073,-24.665,1093834.468,4352107.421,18.453649090,18.346169209,77.408435494,-2545.057,3262.13,4109.68,815.53,1027.42,-0.386,1.008,-69.816,0.820054350,0.002273965,0.009141689,-0.572208100,3394504.948,3391959.891,705384869,433
ROVER,24,3204,-1,543.059,-2390.184,-24.908,1093839.444,4352105.310,18.453733038,18.346169209,77.408397943,-2544.813,3242.22,4101.24,810.56,1025.31,0.868,0.727,-21.080,0.983070500,0.008603335,0.004848192,-0.182961400,3394504.935,3391960.122,705470997,434
ROVER,24,3256,-1,564.776,-2383.322,-24.994,1093861.161,4352112.171,18.454099417,18.346169209,77.408519983,-2544.727,3155.36,4128.69,788.84,1032.17,1.064,-0.230,43.064,0.930165400,0.009372687,0.001543567,0.367017840,3394504.832,3391960.105,705472381,434
ROVER,24,3290,-1,565.191,-2383.134,-25.032,1093861.576,4352112.360,18.454106418,18.346169209,77.408523336,-2544.689,3153.70,4129.44,788.42,1032.36,-0.799,0.874,-79.783,0.767255700,-0.000457523,0.010325967,-0.641258000,3394504.824,3391960.135,705473226,434
ROVER,24,3900,-1,676.301,-2386.452,-26.490,1093972.686,4352109.042,18.455980911,18.346169209,77.408464327,-2543.232,2709.26,4116.17,677.31,1029.04,-1.762,0.405,-69.848,0.819839660,-0.010585761,0.011696676,-0.572375800,3394504.386,3391961.154,705652600,436
ROVER,24,4232,-1,742.732,-2370.617,-29.726,1094039.117,4352124.876,18.457101642,18.346169209,77.408745959,-2539.995,2443.53,4179.51,610.88,1044.88,-4.430,2.938,-75.010,0.793052700,-0.015051103,0.043846980,-0.607386500,3394504.119,3391964.124,705741405,437
ROVER,24,4308,-1,755.174,-2364.699,-30.663,1094051.559,4352130.795,18.457311546,18.346169209,77.408851236,-2539.059,2393.76,4203.18,598.44,1050.80,2.032,5.110,20.528,0.983005050,0.009490020,0.047013090,0.177202820,3394504.064,3391965.005,705917081,439
ROVER,24,4358,-1,759.774,-2363.040,-30.966,1094056.159,4352132.454,18.457389151,18.346169209,77.408880740,-2538.755,2375.36,4209.82,593.84,1052.45,-4.620,0.566,-73.341,0.801541270,-0.029379945,0.028024446,-0.596559350,3394504.049,3391965.294,705917676,439
ROVER,24,4412,-1,774.553,-2361.551,-33.307,1094070.938,4352133.943,18.457638482,18.346169209,77.408907227,-2536.414,2316.25,4215.77,579.06,1053.94,2.703,11.792,-3.832,0.993796500,0.026883869,0.101850350,-0.035668015,3394504.001,3391967.587,706094461,441
ROVER,24,4470,-1,774.798,-2366.810,-33.719,1094071.183,4352128.684,18.457642615,18.346169209,77.408813685,-2536.003,2315.27,4194.74,578.82,1048.68,-10.773,-6.517,-129.572,0.418604430,-0.091126904,0.060684066,-0.901545170,3394504.007,3391968.004,706095204,441
ROVER,24,4516,-1,776.099,-2375.217,-34.107,1094072.484,4352120.277,18.457664564,18.346169209,77.408664152,-2535.614,2310.06,4161.11,577.52,1040.28,-13.118,3.585,-77.323,0.777593100,-0.069734246,0.095591390,-0.617534160,3394504.025,3391968.411,706095918,441
SITE,25,-1,-1,775.910,-2379.967,-34.092,1094072.295,4352115.527,18.457661375,18.346169209,77.408579662,-2535.630,2310.82,4142.11,577.71,1035.53,0.000,-0.000,0.000,1.000000000,0.000000000,0.000000000,0.000000000,3394504.036,3391968.406,706099952,441
ROVER,25,94,-1,771.593,-2406.904,-33.574,1094067.978,4352088.590,18.457588545,18.346169209,77.408100553,-2536.147,2328.09,4034.36,582.02,1008.59,-10.857,-3.736,-114.252,0.537479500,-0.078578610,0.061795883,-0.837330500,3394504.111,3391967.964,706272186,443
ROVER,25,214,-1,767.955,-2442.380,-33.725,1094064.340,4352053.114,18.457527169,18.346169209,77.407469563,-2535.996,2342.64,3892.46,585.66,973.11,-11.793,0.300,-89.801,0.704776400,-0.070928834,0.074360380,-0.701947150,3394504.215,3391968.218,706274142,443
ROVER,25,294,-1,773.384,-2460.834,-35.132,1094069.769,4352034.660,18.457618760,18.346169209,77.407141328,-2534.589,2320.92,3818.64,580.23,954.66,-6.132,9.376,-40.876,0.934103800,-0.021447958,0.095091924,-0.343435080,3394504.243,3391969.654,706715746,448
ROVER,25,446,-1,763.092,-2505.999,-34.141,1094059.477,4351989.495,18.457445128,18.346169209,77.406338006,-2535.580,2362.09,3637.98,590.52,909.49,-4.346,-11.719,-170.329,0.079935156,-0.104831660,0.028983625,-0.990848400,3394504.408,3391968.827,706718528,448
SITE,26,-1,-1,766.918,-2508.054,-34.943,1094063.303,4351987.440,18.457509675,18.346169209,77.406301461,-2534.778,2346.79,3629.76,586.70,907.44,0.000,-0.000,0.000,1.000000000,0.000000000,0.000000000,0.000000000,3394504.401,3391969.622,706811607,449
ROVER,26,96,-1,789.483,-2509.430,-39.695,1094085.868,4351986.064,18.457890360,18.346169209,77.406276986,-2530.027,2256.53,3624.26,564.13,906.06,-0.720,-13.855,-170.257,0.083545650,-0.120701440,-0.004023675,-0.989158800,3394504.328,3391974.301,707338497,455
ROVER,26,160,-1,793.442,-2496.725,-41.024,1094089.827,4351998.769,18.457957151,18.346169209,77.406502962,-2528.698,2240.69,3675.08,560.17,918.77,12.103,13.365,38.492,0.936515570,0.060705286,0.143767920,0.313981200,3394504.278,3391975.580,707427762,456
ROVER,26,218,-1,796.986,-2497.026,-42.330,1094093.371,4351998.468,18.458016940,18.346169209,77.406497598,-2527.392,2226.52,3673.87,556.63,918.47,-1.304,-15.878,-170.335,0.081864050,-0.138566230,-0.000406151,-0.986963800,3394504.266,3391976.874,707429033,456
ROVER,26,282,-1,801.699,-2500.080,-43.074,1094098.084,4351995.414,18.458096451,18.346169209,77.406443283,-2526.648,2207.66,3661.66,551.92,915.41,9.175,-4.541,111.945,0.554737450,0.077447616,0.044132777,0.827236650,3394504.263,3391977.616,707778354,460
ROVER,26,470,-1,826.469,-2519.797,-45.510,1094122.854,4351975.697,18.458514336,18.346169209,77.406092584,-2524.211,2108.58,3582.79,527.15,895.70,-3.053,3.323,-74.327,0.796765700,-0.003709369,0.039183266,-0.603005300,3394504.233,3391980.022,707780327,460
ROVER,26,522,-1,832.011,-2516.762,-45.809,1094128.396,4351978.732,18.458607833,18.346169209,77.406146564,-2523.912,2086.42,3594.93,521.60,898.73,3.082,1.198,25.421,0.975150600,0.023931682,0.016107583,0.219657020,3394504.206,3391980.294,707867748,461
ROVER,26,630,-1,836.988,-2516.875,-46.417,1094133.373,4351978.618,18.458691798,18.346169209,77.406144552,-2523.304,2066.51,3594.47,516.63,898.62,-9.287,-0.457,-110.099,0.570719100,-0.049633026,0.064074110,-0.817135700,3394504.187,3391980.883,707868803,461
ROVER,26,694,-1,838.609,-2526.470,-46.992,1094134.994,4351969.024,18.458719145,18.346169209,77.405973896,-2522.730,2060.02,3556.09,515.01,889.02,8.069,4.758,28.985,0.965679650,0.057697340,0.057683800,0.246589530,3394504.207,3391981.478,708136142,464
ROVER,26,756,-1,843.020,-2524.284,-47.638,1094139.405,4351971.210,18.458793561,18.346169209,77.406012788,-2522.083,2042.38,3564.84,510.59,891.21,10.450,6.423,29.665,0.962456900,0.073611036,0.077204690,0.249594850,3394504.186,3391982.103,708136758,464
ROVER,26,850,-1,846.715,-2519.383,-48.131,1094143.100,4351976.111,18.458855898,18.346169209,77.406099960,-2521.591,2027.60,3584.45,506.90,896.11,10.853,11.842,30.545,0.957806050,0.063687170,0.123845160,0.251423780,3394504.161,3391982.570,709023549,474
ROVER,26,1004,-1,849.052,-2515.575,-48.869,1094145.437,4351979.919,18.458895325,18.346169209,77.406167686,-2520.853,2018.25,3599.68,504.56,899.92,5.644,12.787,8.434,0.990291200,0.040618770,0.114520320,0.067517740,3394504.140,3391983.287,709292198,477
ROVER,26,1110,-1,839.099,-2523.303,-46.957,1094135.484,4351972.191,18.458727412,18.346169209,77.406030223,-2522.764,2058.06,3568.76,514.52,892.19,-8.838,-0.324,-109.160,0.577663960,-0.046955884,0.061155904,-0.812625050,3394504.199,3391981.435,711420457,501
ROVER,26,1154,-1,837.176,-2527.714,-46.894,1094133.561,4351967.780,18.458694970,18.346169209,77.405951768,-2522.828,2065.76,3551.12,516.44,887.78,-3.708,-8.877,-179.080,0.005493867,-0.077607040,0.031635290,-0.996466800,3394504.214,3391981.386,711420965,501
ROVER,26,1222,-1,834.349,-2529.222,-46.554,1094130.734,4351966.272,18.458647276,18.346169209,77.405924946,-2523.168,2077.06,3545.09,519.27,886.27,-14.090,-1.913,-107.805,0.582978400,-0.085641116,0.089328654,-0.803008200,3394504.231,3391981.063,711504522,502
ROVER,26,1652,-1,816.742,-2450.353,-44.201,1094113.127,4352045.140,18.458350236,18.346169209,77.407327741,-2525.521,2147.49,3860.56,536.87,965.14,-1.877,-5.506,159.593,0.177694857,0.044362407,-0.024609560,0.982777119,3394504.079,3391978.559,714440400,535
ROVER,26,2018,-1,808.787,-2380.156,-43.255,1094105.172,4352115.338,18.458216030,18.346169209,77.408576310,-2526.466,2179.31,4141.35,544.83,1035.34,2.695,-7.883,159.614,0.174909300,0.071786290,0.010929872,0.981903250,3394503.940,3391977.474,714530171,536
ROVER,26,2142,-1,808.447,-2364.849,-42.979,1094104.832,4352130.645,18.458210294,18.346169209,77.408848554,-2526.743,2180.67,4202.58,545.17,1050.64,1.694,-8.379,-179.808,0.002747003,-0.073020928,-0.014863471,-0.997215867,3394503.908,3391977.166,714613980,537
ROVER,26,2548,-1,726.520,-2375.933,-28.772,1094022.905,4352119.561,18.456828136,18.346169209,77.408651412,-2540.949,2508.38,4158.24,627.09,1039.56,-2.043,-1.305,-159.341,0.179064542,-0.014401151,0.015497431,-0.983609855,3394504.183,3391963.234,714705959,538
ROVER,26,3008,-1,637.053,-2417.667,-26.075,1093933.438,4352077.827,18.455318774,18.346169209,77.407909110,-2543.647,2866.25,3991.31,716.56,997.83,-1.241,-0.057,-140.264,0.339832336,-0.004150190,0.010011079,-0.940423608,3394504.605,3391960.958,714793949,539
ROVER,26,3482,-1,547.433,-2474.632,-26.324,1093843.818,4352020.862,18.453806830,18.346169209,77.406895906,-2543.398,3224.73,3763.45,806.18,940.86,-1.830,-0.682,-140.646,0.336575747,-0.010976466,0.013032231,-0.941502213,3394505.051,3391961.653,714969544,541
ROVER,26,4200,-1,435.907,-2542.870,-25.269,1093732.292,4351952.624,18.451925319,18.346169209,77.405682206,-2544.453,3670.83,3490.50,917.71,872.62,0.085,0.274,-139.523,0.345923040,0.002502218,0.000127459,-0.938259540,3394505.504,3391961.051,715059661,542
ROVER,26,5150,-1,338.104,-2586.225,-28.558,1093634.489,4351909.269,18.450275323,18.346169209,77.404911071,-2541.164,4062.04,3317.08,1015.51,829.27,2.709,4.379,-120.167,0.497452320,0.044883790,-0.001425730,-0.866328240,3394505.806,3391964.642,715155956,543
ROVER,26,5214,-1,327.151,-2593.991,-29.624,1093623.536,4351901.503,18.450090539,18.346169209,77.404772937,-2540.098,4105.86,3286.01,1026.46,821.50,0.118,12.129,-89.390,0.706807435,0.075031072,0.074380830,-0.699472010,3394505.838,3391965.740,715593579,548
ROVER,26,5226,-1,327.170,-2594.444,-29.720,1093623.555,4351901.050,18.450090860,18.346169209,77.404764891,-2540.002,4105.78,3284.20,1026.45,821.05,1.293,10.339,-88.376,0.713387370,0.070860654,0.056773070,-0.694862604,3394505.838,3391965.837,715856649,551
SITE,27,-1,-1,340.969,-2761.154,-42.356,1093637.354,4351734.340,18.450323657,18.346169209,77.401799709,-2527.365,4050.58,2617.36,1012.65,654.34,0.000,-0.000,0.000,1.000000000,0.000000000,0.000000000,0.000000000,3394505.811,3391978.446,716219345,555
ROVER,27,186,-1,366.985,-2772.992,-42.594,1093663.370,4351722.502,18.450762563,18.346169209,77.401589155,-2527.127,3946.52,2570.01,986.63,642.50,-2.974,7.394,-94.121,0.680807114,0.029547097,0.062869743,-0.729161203,3394505.752,3391978.625,716309031,556
ROVER,27,230,-1,366.533,-2778.119,-43.012,1093662.918,4351717.375,18.450754938,18.346169209,77.401497960,-2526.709,3948.33,2549.50,987.08,637.37,-2.171,2.264,-150.042,0.258727998,0.014187691,0.023404336,-0.965562403,3394505.752,3391979.042,716309645,556
SITE,28,-1,-1,365.854,-2781.211,-43.203,1093662.239,4351714.283,18.450743482,18.346169209,77.401442975,-2526.519,3951.04,2537.13,987.76,634.28,0.000,-0.000,0.000,1.000000000,0.000000000,0.000000000,0.000000000,3394505.755,3391979.236,716393047,557
SITE,29,-1,-1,364.836,-2781.361,-43.196,1093661.221,4351714.133,18.450726308,18.346169209,77.401440293,-2526.525,3955.12,2536.53,988.78,634.13,0.000,-0.000,0.000,1.000000000,0.000000000,0.000000000,0.000000000,3394505.755,3391979.230,717106034,565
ROVER,29,58,-1,381.765,-2786.715,-43.554,1093678.150,4351708.779,18.451011911,18.346169209,77.401345074,-2526.167,3887.40,2515.12,971.85,628.78,-4.040,-4.996,-177.780,0.017802024,-0.044228792,0.034361061,-0.998271644,3394505.721,3391979.554,719497561,592
ROVER,29,144,-1,402.464,-2787.525,-44.340,1093698.849,4351707.969,18.451361115,18.346169209,77.401330657,-2525.381,3804.60,2511.87,951.15,627.97,-5.646,1.129,-115.744,0.531550944,-0.017856399,0.046944737,-0.845535874,3394505.679,3391980.298,716479939,558
SITE,30,-1,-1,400.612,-2791.621,-44.437,1093696.997,4351703.873,18.451329871,18.346169209,77.401257819,-2525.285,3812.01,2495.49,953.00,623.87,0.000,-0.000,0.000,1.000000000,0.000000000,0.000000000,0.000000000,3394505.682,3391980.397,719593283,593
ROVER,30,1096,-1,531.145,-2910.296,-52.177,1093827.530,4351585.198,18.453532042,18.346169209,77.399147004,-2517.544,3289.88,2020.79,822.47,505.20,-7.888,0.688,-130.597,0.417272568,-0.023304490,0.064990781,-0.906154871,3394505.448,3391987.904,720746184,606
ROVER,30,1172,-1,537.781,-2909.919,-52.427,1093834.166,4351585.575,18.453643995,18.346169209,77.399153709,-2517.295,3263.34,2022.30,815.83,505.57,-3.071,4.427,-106.374,0.599373937,0.014864543,0.044569608,-0.799089134,3394505.438,3391988.143,721013668,609
ROVER,30,1344,-1,495.252,-2908.110,-51.419,1093791.637,4351587.384,18.452926505,18.346169209,77.399185896,-2518.302,3433.45,2029.54,858.36,507.38,-4.087,4.768,-160.041,0.174493000,0.034764960,0.042294856,-0.983135164,3394505.499,3391987.196,722782653,629
ROVER,30,1524,-1,472.913,-2887.054,-51.495,1093769.298,4351608.440,18.452549632,18.346169209,77.399560399,-2518.227,3522.81,2113.76,880.70,528.44,-5.539,-5.162,96.883,0.663563371,0.001638803,-0.065955557,0.745205224,3394505.538,3391987.311,722785197,629
ROVER,30,1776,-1,464.335,-2843.039,-48.656,1093760.720,4351652.455,18.452404916,18.346169209,77.400343269,-2521.065,3557.12,2289.82,889.28,572.45,-2.098,-3.973,91.218,0.699464560,0.011967071,-0.037315786,0.713592052,3394505.568,3391984.502,722787250,629
ROVER,30,2188,-1,418.111,-2781.550,-45.889,1093714.496,4351713.944,18.451625090,18.346169209,77.401436940,-2523.833,3742.02,2535.78,935.50,633.94,2.344,-12.158,179.653,0.000841086,0.105934460,0.020018980,0.994171200,3394505.654,3391981.822,722790569,629
ROVER,30,2310,-1,402.148,-2786.863,-44.244,1093698.533,4351708.631,18.451355784,18.346169209,77.401342434,-2525.477,3805.87,2514.52,951.47,628.63,-5.729,2.293,-106.238,0.600086272,-0.014003272,0.051955871,-0.798123419,3394505.679,3391980.202,723050465,632
SITE,31,-1,-1,400.692,-2791.658,-44.437,1093697.077,4351703.836,18.451331221,18.346169209,77.401257148,-2525.285,3811.69,2495.34,952.92,623.84,0.000,-0.000,0.000,1.000000000,0.000000000,0.000000000,0.000000000,3394505.682,3391980.397,723053587,632
ROVER,31,466,-1,326.039,-2763.265,-43.808,1093622.424,4351732.229,18.450071779,18.346169209,77.401762158,-2525.913,4110.30,2608.91,1027.58,652.23,-3.964,-3.252,123.115,0.476659179,0.008473247,-0.043907151,0.877950132,3394505.851,3391979.937,723855298,641
ROVER,31,500,-1,324.003,-2759.420,-43.472,1093620.388,4351736.074,18.450037431,18.346169209,77.401830554,-2526.249,4118.45,2624.30,1029.61,656.07,-5.345,-1.784,130.073,0.422185183,-0.005576712,-0.048826896,0.905176520,3394505.856,3391979.607,723855805,641
ROVER,31,856,-1,332.222,-2697.328,-37.634,1093628.607,4351798.166,18.450176090,18.346169209,77.402934954,-2532.087,4085.57,2872.67,1021.39,718.17,-4.603,6.730,179.887,0.001373661,0.058691189,0.040033851,-0.997472167,3394505.832,3391973.745,724200449,645
ROVER,31,1710,-1,339.650,-2595.971,-29.037,1093636.035,4351899.523,18.450301405,18.346169209,77.404737733,-2540.685,4055.86,3278.09,1013.97,819.52,2.186,-1.860,45.056,0.923282743,0.023837412,-0.007680859,0.383303791,3394505.802,3391965.117,724294453,646
ROVER,31,2154,-1,392.510,-2574.274,-26.290,1093688.895,4351921.220,18.451193185,18.346169209,77.405123636,-2543.431,3844.42,3364.88,961.10,841.22,3.947,-0.908,44.674,0.924281955,0.034864955,0.005764094,0.380071193,3394505.648,3391962.216,724379771,647
SITE,32,-1,-1,471.112,-2458.044,-24.560,1093767.497,4352037.450,18.452519249,18.346169209,77.407190949,-2545.162,3530.01,3829.80,882.50,957.45,0.000,-0.000,0.000,1.000000000,0.000000000,0.000000000,0.000000000,3394505.305,3391960.143,724472059,648
ROVER,32,94,-1,473.488,-2428.704,-24.197,1093769.873,4352066.790,18.452559333,18.346169209,77.407712806,-2545.524,3520.51,3947.16,880.13,986.79,1.340,0.455,30.309,0.965162933,0.010252818,0.006885945,0.261358023,3394505.267,3391959.743,724827222,652
ROVER,32,148,-1,477.701,-2426.433,-24.458,1093774.086,4352069.061,18.452630409,18.346169209,77.407753207,-2545.263,3503.66,3956.25,875.91,989.06,1.165,0.363,29.989,0.965903580,0.009000053,0.005690202,0.258682966,3394505.249,3391959.986,724827769,652
ROVER,32,172,-1,475.250,-2427.677,-24.341,1093771.635,4352067.817,18.452589059,18.346169209,77.407731079,-2545.381,3513.46,3951.27,878.36,987.82,1.357,0.579,29.982,0.965901911,0.010129517,0.007944660,0.258587986,3394505.258,3391959.878,725001303,654
ROVER,32,250,-1,471.763,-2421.466,-24.243,1093768.148,4352074.028,18.452530231,18.346169209,77.407841552,-2545.479,3527.41,3976.11,881.85,994.03,-0.625,0.307,-61.159,0.860917211,-0.003331537,0.005081125,-0.508708775,3394505.266,3391959.787,725002977,654
ROVER,32,274,-1,470.274,-2418.657,-24.133,1093766.659,4352076.837,18.452505111,18.346169209,77.407891508,-2545.589,3533.36,3987.35,883.34,996.84,-0.364,0.816,-61.070,0.861303389,0.000884543,0.007746165,-0.508031130,3394505.271,3391959.682,725353123,658
ROVER,32,378,-1,480.171,-2409.270,-24.412,1093776.556,4352086.224,18.452672079,18.346169209,77.408058476,-2545.309,3493.78,4024.90,873.44,1006.22,-0.970,-0.240,-105.906,0.602434200,-0.006769348,0.005498761,-0.798120900,3394505.217,3391959.908,725355119,658
ROVER,32,402,-1,480.953,-2406.574,-24.421,1093777.338,4352088.920,18.452685272,18.346169209,77.408106420,-2545.300,3490.65,4035.68,872.66,1008.92,-0.478,0.334,-106.248,0.600087464,-0.000173323,0.005083899,-0.799918175,3394505.215,3391959.915,725809237,663
ROVER,32,432,-1,483.093,-2408.417,-24.482,1093779.478,4352087.077,18.452721375,18.346169209,77.408073647,-2545.240,3482.09,4028.31,870.52,1007.08,-0.146,0.933,-37.795,0.946069840,0.001431914,0.008119131,-0.323857900,3394505.209,3391959.970,725810624,663
ROVER,32,482,-1,485.524,-2407.988,-24.531,1093781.909,4352087.506,18.452762388,18.346169209,77.408081274,-2545.191,3472.36,4030.02,868.09,1007.51,0.501,0.181,5.795,0.998711348,0.004284034,0.001794207,0.050537780,3394505.192,3391960.001,725811157,663
ROVER,32,506,-1,482.775,-2408.365,-24.440,1093779.160,4352087.129,18.452716010,18.346169209,77.408074569,-2545.281,3483.36,4028.52,870.84,1007.13,0.696,0.495,5.824,0.998682320,0.005843135,0.004625191,0.050774671,3394505.209,3391959.928,726155712,667
ROVER,32,580,-1,483.137,-2401.435,-24.451,1093779.522,4352094.059,18.452722118,18.346169209,77.408197825,-2545.270,3481.91,4056.24,870.48,1014.06,-0.813,-0.058,-94.837,0.676615536,-0.005170818,0.004879043,-0.736302137,3394505.202,3391959.932,726157362,667
ROVER,32,604,-1,483.371,-2398.567,-24.449,1093779.756,4352096.926,18.452726065,18.346169209,77.408248829,-2545.272,3480.98,4067.71,870.24,1016.93,-0.687,-0.586,-94.810,0.676767886,-0.007822943,0.000954649,-0.736154258,3394505.199,3391959.927,726421327,670
ROVER,32,672,-1,488.060,-2398.044,-24.608,1093784.445,4352097.450,18.452805172,18.346169209,77.408258133,-2545.113,3462.22,4069.80,865.55,1017.45,-0.255,-0.093,-2.366,0.999784052,-0.002243988,-0.000765289,-0.020643940,3394505.176,3391960.062,726422925,670
ROVER,32,696,-1,485.308,-2398.042,-24.443,1093781.693,4352097.452,18.452758744,18.346169209,77.408258175,-2545.278,3473.23,4069.81,868.31,1017.45,-0.379,1.152,-2.673,0.999672830,-0.003074369,0.010124634,-0.023287136,3394505.191,3391959.913,726776223,674
ROVER,32,774,-1,483.630,-2393.855,-24.278,1093780.015,4352101.639,18.452730435,18.346169209,77.408332648,-2545.443,3479.94,4086.56,869.99,1021.64,-0.500,-0.504,-66.391,0.836782038,-0.006060421,-0.001291627,-0.547501028,3394505.186,3391959.742,726777850,674
ROVER,32,798,-1,482.612,-2391.381,-24.402,1093778.997,4352104.113,18.452713260,18.346169209,77.408376653,-2545.320,3484.01,4096.45,871.00,1024.11,-0.042,0.278,-66.414,0.836697161,0.001023929,0.002226949,-0.547660351,3394505.192,3391959.872,727130952,678
ROVER,32,862,-1,495.478,-2386.164,-24.432,1093791.863,4352109.330,18.452930318,18.346169209,77.408469440,-2545.290,3432.55,4117.32,858.14,1029.33,0.517,0.836,21.894,0.981773376,0.003044874,0.008016124,0.189861774,3394505.132,3391959.843,727132724,678
ROVER,32,896,-1,499.866,-2384.058,-24.626,1093796.251,4352111.436,18.453004346,18.346169209,77.408506908,-2545.095,3415.00,4125.75,853.75,1031.44,0.205,-0.743,22.123,0.981397212,0.003000683,-0.006023461,0.191870287,3394505.107,3391960.012,727133195,678
